insert passenger_traffic_hour (hour, average_value) values
    (6,15),
    (7,26),
    (8,14),
    (9,16),
    (10,16),
    (11,16),
    (12,17),
    (13,13),
    (14,22),
    (15,14),
    (16,20),
    (17,18),
    (18,29),
    (19,6),
    (20,10),
    (21,2);

insert employee (first_name,last_name,birth_day,sex,phone_number,job,status) values
    ('adminFirstName','adminSecondName',19980320,1,89211232323,'admin',1),

    ('Ivan','Ivanov',19871115,1,89216458912,'driver',1),
    ('Andrey','Borzow',19730502,1,89114321112,'driver',1),
    ('Sergei','Podlokotnukow',19920422,1,89118759582,'driver',0),
    ('Konstantin','Jukov',19810507,1,89213226904,'driver',1),
    ('Elena','Andropova',19790111,0,89211115768,'driver',1),
    ('Boris','Gorobec',19840907,1,89219451934,'driver',1),
    ('Gleb','Sinyakov',19720215,1,89114312858,'driver',1),
    ('Abdul','Markirkyan',19840718,1,89111473698,'driver',0),
    ('Regina','Vishnevskaya',19901009,0,89211035840,'driver',1),
    ('Anton','Petrov',19800605,1,89217418563,'driver',1),

    ('Olga','Coi',19960918,0,89117426709,'conductor',1),
    ('Vladimir','Dolgorukov',19690217,1,89216644123,'conductor',1),
    ('Artur','Zvaneckiy',19830626,1,89995679012,'conductor',1),
    ('Janna','Belaya',19911221,0,89245555412,'conductor',0),
    ('Ali','Hachaturyan',19860808,1,89118123654,'conductor',1),
    ('ELena','Egorovna',19781118,0,89112943214,'conductor',1),
    ('Vladimir','Berdyaev',19850105,1,89215869636,'conductor',1),
    ('Vladislav','Losev',19850331,1,89843214598,'conductor',1),
    ('Klara','Derevnyova',19701024,0,89247432595,'conductor',0),
    ('John','Travolta',19540218,1,89111920923,'conductor',1)
;

insert Routes (route_number,average_number_of_passengers,average_length) values
    (92,2.121,10),
    (30,1.531,11),
    (102,1.11,20);

insert buses (number,mark,release_date,seats_count,status) values
    ('а182еп','gaz',20010321,100,1),
    ('р188жо','gaz',20021128,100,1),
    ('у747ит','gaz',19950424,100,0),
    ('с615ен','gaz',20000202,100,1),
    ('с615ет','gaz',20000202,100,1),
    ('с615еп','gaz',20000202,100,1),
    ('с615ев','gaz',20000202,100,1),
    ('с615еф','gaz',20000202,100,1),
    ('с615еа','gaz',20000202,100,1),
    ('с615еу','gaz',20000202,100,1),
    ('с615ек','gaz',20000202,100,1),
    ('с615ее','gaz',20000202,100,1),
    ('с615ег','gaz',20000202,100,1),
    ('с615еш','gaz',20000202,100,1),
    ('с615ез','gaz',20000202,100,1),
    ('с615ех','gaz',20000202,100,1),
    ('с615еы','gaz',20000202,100,1),
    ('с615ер','gaz',20000202,100,1),
    ('с615ео','gaz',20000202,100,1),
    ('с615ел','gaz',20000202,100,1),
    ('с615ед','gaz',20000202,100,1),
    ('с615еж','gaz',20000202,100,1),
    ('с615еэ','gaz',20000202,100,1),
    ('с615ея','gaz',20000202,100,1),
    ('т023фо','gaz',19991214,100,1);

insert buses_routes (bus_id,route_id) values
    (1,1),
    (2,1),
    (3,1),
    (4,1),
    (5,1),
    (6,2),
    (7,2),
    (8,2),
    (9,2),
    (10,2),
    (11,3),
    (12,3),
    (13,3),
    (14,3),
    (15,3),
    (16,3),
    (17,3);

insert driver_bus (user_id,bus_id) values
    (2,1),
    (3,1),
    (4,2),
    (5,2),
    (6,3),
    (7,3),
    (8,4),
    (9,4),
    (10,5),
    (11,5),
    (12,1),
    (13,1),
    (14,2),
    (15,2),
    (16,3),
    (17,3),
    (18,4),
    (19,4),
    (20,5),
    (21,5);

insert stops (id,route_number, stop_name ,show_order ,average_waiting_time) values
    (1,92,'ул. Химиков',0,17),
    (2,102,'пр. Културы',0,24),
    (3,30,'ш. Рябовское, 117',0,16),
    (4,153,'пр. Культуры',0,22),
    (5,124,'ул. Белорусская',0,77),
    (6,92,'ул. Коммуны',1,17),
    (7,92,'ул. Химиков, 18',6,17),
    (8,92,'ш. Революции, 116',7,17),
    (9,92,'ул. Коммуны',8,17),
    (10,92,'ул. 2-я Жерновская',9,17),
    (11,92,'пр. Ириновксий',10,17),
    (12,92,'ул. Лазо',11,17),
    (13,92,'пр. Ириновский,40',12,17),
    (14,92,'пр. Ириновский, 25',13,17),
    (15,92,'пр. Индустриальный',14,17),
    (16,92,'ул. Передовиков',15,17),
    (17,92,'Поликлиника №103',16,17),
    (18,92,'ул. Передовиков',17,17),
    (19,92,'ст. м. Ладожская',18,17),
    (20,30,'ул. Ржевская',3,16),
    (21,30,'ул. Андреевская',20,16),
    (22,30,'ул. Коммуны',21,16),
    (23,30,'пр. Ириновксий',22,16),
    (24,30,'пр. Ударников',23,16),
    (25,30,'пр. Энтузиастов',24,16),
    (26,30,'Поликлиника №107',25,16),
    (27,30,'пр. Косыгина',26,16),
    (28,30,'Универсам',27,16),
    (29,30,'пр. Наставников',28,16),
    (30,30,'ул. Осипенко',29,16),
    (31,30,'пр. Индустриальный',30,16),
    (32,30,'ул. Передовиков',31,16),
    (33,30,'ст. м. Ладожская',32,16),
    (34,124,'ул. Ленская',5,77),
    (35,124,'пр. Косыгина',34,77),
    (36,124,'Поликлиника №107',35,77),
    (37,124,'пр. Энтузиастов',36,77),
    (38,124,'пр. Ударников',37,77),
    (39,124,'ш. Рябовское',38,77),
    (40,124,'ш. Рябовское, 117',39,77),
    (41,124,'ул. Челябинская',40,77),
    (42,124,'ул. Челябинская, 55',41,77),
    (43,124,'ул. Челябинская, 101',42,77),
    (44,124,'ул. Челябинская, 42',43,77),
    (45,124,'ул. Челябинская, 125',44,77),
    (46,124,'ул. Челябинская, 159',45,77),
    (47,102,'ул. Демьяна Бедного',2,24),
    (48,102,'пр. Светлановский',47,24),
    (49,102,'ул. Тимуровская',48,24),
    (50,102,'пр. Просвещения ',49,24),
    (51,102,'ул. Учительская',50,24),
    (52,102,'ул. Брянцева ',51,24),
    (53,102,'ул. Учительская',52,24),
    (54,102,'ул. Ушинского',53,24),
    (55,102,'пр. Гражданский',54,24),
    (56,102,'пр. Северный',55,24),
    (57,102,'пр. Гражданский, 90',56,24),
    (58,102,'ст. м. Академическая',57,24),
    (59,102,'ул. Софьи Ковалевской/пр. Науки',58,24),
    (60,102,'пр. Науки, 30',59,24),
    (61,102,'ул. Карпинского',60,24),
    (62,102,'пр. Науки, 73',61,24),
    (63,102,'ул. Руставелли/ст. Ручьи',62,24),
    (64,102,'ул. Верности',63,24),
    (65,102,'пр. Пискаревский, 56',64,24),
    (66,102,'пр. Пискаревский, 50',65,24),
    (67,102,'ст. Пискаревка',66,24),
    (68,102,'ул. Замшина',67,24),
    (69,102,'пр. Пискаревский',68,24),
    (70,102,'Ортопедический центр',69,24),
    (71,102,'пр. Маршала Блюхера',70,24),
    (72,102,'пр. Энергетиков, 72',71,24),
    (73,102,'ул. Стасовой',72,24),
    (74,102,'пр. Энергетиков, 46',73,24),
    (75,102,'пр. Энергетиков/ш. Революции',74,24),
    (76,102,'переул. Уманский',75,24),
    (77,102,'ш. Революции, 88',76,24),
    (78,102,'ш. Революции, 102',77,24),
    (79,102,'ш. Революции, 116',78,24),
    (80,102,'ул. 2-я Жерновская',79,24),
    (81,102,'пр. Ириновский',80,24),
    (82,102,'пр. Ударников',81,24),
    (83,102,'пр. Энтузиастов/пр. Наставников',82,24),
    (84,102,'пр. Косыгина',83,24),
    (85,102,'ул. Ленская',84,24),
    (86,102,'ул. Хасанская/пр. Наставников',85,24),
    (87,102,'ТК Лента',86,24),
    (89,153,'ул. Демьяна Бедного',4,22),
    (90,153,'пр. Светлановский',89,22),
    (91,153,'ул. Тимуровская',90,22),
    (92,153,'пр. Просвещения ',91,22),
    (93,153,'ул. Учительская',92,22),
    (94,153,'пр. Светлановский ',93,22),
    (95,153,'ул. Ушинского',94,22),
    (96,153,'пр. Гражданский',95,22),
    (97,153,'пр. Северный',96,22),
    (98,153,'пр. Гражданский, 90',97,22),
    (99,153,'ст. м. Академическая',98,22),
    (100,153,'ул. Софьи Ковалевской/пр. Науки',99,22),
    (101,153,'пр. Науки, 30',100,22),
    (102,153,'ул. Карпинского',101,22),
    (103,153,'пр. Науки, 73',102,22),
    (104,153,'ул. Руставелли/ст. Ручьи',103,22),
    (105,153,'ул. Верности',104,22),
    (106,153,'пр. Пискаревский, 56',105,22),
    (107,153,'пр. Пискаревский, 50',106,22),
    (108,153,'ст. Пискаревка',107,22),
    (109,153,'пр. Меншиковский',108,22),
    (110,153,'пр. Индустриальный, 86',109,22),
    (111,153,'ш. Революции/пр. Индустриальный',110,22),
    (112,153,'Река Большая Охта/Экспериментальный завод',111,22),
    (113,153,'пр. Ириновский',112,22),
    (114,153,'пр. Ударников',113,22),
    (115,153,'пр. Энтузиастов',114,22),
    (116,153,'пр. Косыгина',115,22),
    (117,153,'ул. Ленская',116,22),
    (118,153,'ул. Хасанская',117,22),
    (119,153,'ул. Хасанская/пр. Наставников',118,22),
    (120,153,'ТК Лента',119,22);